<?xml version="1.0"?>
<root xmlns="urn:schemas-upnp-org:device-1-0">
<specVersion>
<major>1</major>
<minor>0</minor>
</specVersion>
<URLBase>http://192.168.1.1:49152</URLBase>
<device>
<deviceType>urn:schemas-upnp-org:device:InternetGatewayDevice:1</deviceType>
<friendlyName>LINKSYS WAG200G Gateway</friendlyName>
<manufacturer>LINKSYS</manufacturer>
<manufacturerURL>http://www.linksys.com</manufacturerURL>
<modelDescription>LINKSYS WAG200G Gateway</modelDescription>
<modelName>Wireless-G ADSL Home Gateway</modelName>
<modelNumber>WAG200G</modelNumber>
<modelURL>http://www.linksys.com</modelURL>
<serialNumber>123456789</serialNumber>
<UDN>uuid:8ca2eb37-1dd2-11b2-86f1-001a709b5aa8</UDN>
<UPC>WAG200G</UPC>
<serviceList>
<service>
<serviceType>urn:schemas-upnp-org:service:Layer3Forwarding:1</serviceType>
<serviceId>urn:upnp-org:serviceId:L3Forwarding1</serviceId>
<controlURL>/upnp/control/L3Forwarding1</controlURL>
<eventSubURL>/upnp/event/L3Forwarding1</eventSubURL>
<SCPDURL>/l3frwd.xml</SCPDURL>
</service>
</serviceList>
<deviceList>
<device>
<deviceType>urn:schemas-upnp-org:device:WANDevice:1</deviceType>
<friendlyName>WANDevice</friendlyName>
<manufacturer>LINKSYS</manufacturer>
<manufacturerURL>http://www.linksys.com/</manufacturerURL>
<modelDescription>Residential Gateway</modelDescription>
<modelName>Internet Connection Sharing</modelName>
<modelNumber>1</modelNumber>
<modelURL>http://www.linksys.com/</modelURL>
<serialNumber>0000001</serialNumber>
<UDN>uuid:8ca2eb36-1dd2-11b2-86f1-001a709b5aa8</UDN>
<UPC>WAG200G</UPC>
<serviceList>
<service>
<serviceType>urn:schemas-upnp-org:service:WANCommonInterfaceConfig:1</serviceType>
<serviceId>urn:upnp-org:serviceId:WANCommonIFC1</serviceId>
<controlURL>/upnp/control/WANCommonIFC1</controlURL>
<eventSubURL>/upnp/event/WANCommonIFC1</eventSubURL>
<SCPDURL>/cmnicfg.xml</SCPDURL>
</service>
</serviceList>
<deviceList>
<device>
<deviceType>urn:schemas-upnp-org:device:WANConnectionDevice:1</deviceType>
<friendlyName>WANConnectionDevice</friendlyName>
<manufacturer>LINKSYS</manufacturer>
<manufacturerURL>http://www.linksys.com/</manufacturerURL>
<modelDescription>Residential Gateway</modelDescription>
<modelName>Internet Connection Sharing</modelName>
<modelNumber>1</modelNumber>
<modelURL>http://www.linksys.com/</modelURL>
<serialNumber>0000001</serialNumber>
<UDN>uuid:8ca2eb37-1dd2-11b2-86f0-001a709b5aa8</UDN>
<UPC>WAG200G</UPC>
<serviceList>
<service>
<serviceType>urn:schemas-upnp-org:service:WANEthernetLinkConfig:1</serviceType>
<serviceId>urn:upnp-org:serviceId:WANEthLinkC1</serviceId>
<controlURL>/upnp/control/WANEthLinkC1</controlURL>
<eventSubURL>/upnp/event/WANEthLinkC1</eventSubURL>
<SCPDURL>/wanelcfg.xml</SCPDURL>
</service>
<service>
<serviceType>urn:schemas-upnp-org:service:WANPPPConnection:1</serviceType>
<serviceId>urn:upnp-org:serviceId:WANPPPConn1</serviceId>
<controlURL>/upnp/control/WANPPPConn1</controlURL>
<eventSubURL>/upnp/event/WANPPPConn1</eventSubURL>
<SCPDURL>/pppcfg.xml</SCPDURL>
</service>
</serviceList>
</device>
</deviceList>
</device>
<device>
<deviceType>urn:schemas-upnp-org:device:LANDevice:1</deviceType>
<friendlyName>LANDevice</friendlyName>
<manufacturer>LINKSYS</manufacturer>
<manufacturerURL>http://www.linksys.com/</manufacturerURL>
<modelDescription>Residential Gateway</modelDescription>
<modelName>Residential Gateway</modelName>
<modelNumber>1</modelNumber>
<modelURL>http://www.linksys.com/</modelURL>
<serialNumber>0000001</serialNumber>
<UDN>uuid:8ca2eb36-1dd2-11b2-86f0-001a709b5aa
8</UDN>
<UPC>WAG200G</UPC>
<serviceList>
<service>
<serviceType>urn:schemas-upnp-org:service:LANHostConfigManagement:1</serviceType>
<serviceId>urn:upnp-org:serviceId:LANHostCfg1</serviceId>
<controlURL>/upnp/control/LANHostCfg1</controlURL>
<eventSubURL>/upnp/event/LANHostCfg1</eventSubURL>
<SCPDURL>/lanhostc.xml</SCPDURL>
</service>
</serviceList>
</device>
</deviceList>
<presentationURL>http://192.168.1.1/index.htm</presentationURL>
</device>
</root>

